-- Seed data for eDoctor Pakistan
-- Run this SQL after your schema is configured.

-- Doctors
INSERT INTO doctors (id, full_name, email, phone, specialty, city, experience, consultation_fee, bio, rating, is_verified, verification_status, is_active) VALUES
  ('a0e6159e-3695-426d-9178-3011a67748d1', 'Dr. Yasir Anwar', 'doctor1@edoctor.pk', '03272599686', 'Gynecology', 'Rawalpindi', 14, 3000, 'Experienced gynecology specialist serving patients in Rawalpindi. Focuses on personalized care and evidence-based treatment.', 4.4, true, 'approved', true),
  ('591f8321-1b9d-43ab-90fe-2c45dc52038f', 'Dr. Hira Ahmed', 'doctor2@edoctor.pk', '03825560305', 'Psychiatry', 'Rawalpindi', 13, 3200, 'Experienced psychiatry specialist serving patients in Rawalpindi. Focuses on personalized care and evidence-based treatment.', 4.2, true, 'approved', true),
  ('f46a22d1-9657-44d2-b9ba-0ad6b22c6e13', 'Dr. Ayesha Saif', 'doctor3@edoctor.pk', '03221957053', 'Gynecology', 'Faisalabad', 21, 2000, 'Experienced gynecology specialist serving patients in Faisalabad. Focuses on personalized care and evidence-based treatment.', 4.4, true, 'approved', true),
  ('05d30a77-8f24-4ed9-b7b3-09b5d0d2a2a6', 'Dr. Imran Zahid', 'doctor4@edoctor.pk', '03493027980', 'Cardiology', 'Lahore', 24, 2000, 'Experienced cardiology specialist serving patients in Lahore. Focuses on personalized care and evidence-based treatment.', 4.9, true, 'approved', true),
  ('4305581a-1d48-4f1c-89c9-e6056cb14f9b', 'Dr. Zeeshan Irfan', 'doctor5@edoctor.pk', '03957756180', 'Dermatology', 'Karachi', 21, 3200, 'Experienced dermatology specialist serving patients in Karachi. Focuses on personalized care and evidence-based treatment.', 4.4, true, 'approved', true),
  ('378f1b5a-f533-4218-bcff-81f91097e4f1', 'Dr. Amina Raza', 'doctor6@edoctor.pk', '03586855660', 'Orthopedics', 'Rawalpindi', 23, 2500, 'Experienced orthopedics specialist serving patients in Rawalpindi. Focuses on personalized care and evidence-based treatment.', 4.4, false, 'rejected', true),
  ('2db8a627-fbb4-433a-a19d-f9a0a3c2f4f5', 'Dr. Mariam Sheikh', 'doctor7@edoctor.pk', '03563105275', 'Gynecology', 'Lahore', 23, 3500, 'Experienced gynecology specialist serving patients in Lahore. Focuses on personalized care and evidence-based treatment.', 4.5, true, 'approved', true),
  ('4613cb0f-b569-45c8-8751-a87e231f14b0', 'Dr. Sara Rashid', 'doctor8@edoctor.pk', '03143929497', 'ENT', 'Karachi', 15, 3200, 'Experienced ent specialist serving patients in Karachi. Focuses on personalized care and evidence-based treatment.', 4.8, true, 'approved', true),
  ('5a512449-2094-4367-8abc-60438c9974e1', 'Dr. Ayesha Hussain', 'doctor9@edoctor.pk', '03883707912', 'Neurology', 'Lahore', 20, 1800, 'Experienced neurology specialist serving patients in Lahore. Focuses on personalized care and evidence-based treatment.', 4.3, true, 'approved', false),
  ('58d704fd-d8ae-4017-85fd-f821820e6e4f', 'Dr. Tariq Saleem', 'doctor10@edoctor.pk', '03745321536', 'ENT', 'Islamabad', 17, 1800, 'Experienced ent specialist serving patients in Islamabad. Focuses on personalized care and evidence-based treatment.', 4.0, true, 'approved', true),
  ('1769f605-ba04-4691-bf5d-f0053bd0c196', 'Dr. Nabeel Irfan', 'doctor11@edoctor.pk', '03742085599', 'Orthopedics', 'Rawalpindi', 16, 2000, 'Experienced orthopedics specialist serving patients in Rawalpindi. Focuses on personalized care and evidence-based treatment.', 4.5, true, 'approved', false),
  ('d48efc5d-cc0b-40a2-a5a5-6dda11a930fb', 'Dr. Amna Nawaz', 'doctor12@edoctor.pk', '03888373361', 'Dermatology', 'Islamabad', 14, 3500, 'Experienced dermatology specialist serving patients in Islamabad. Focuses on personalized care and evidence-based treatment.', 4.5, false, 'suspended', true),
  ('4b24a700-3c56-4161-91df-5c6f6ab63d0f', 'Dr. Mahnoor Javed', 'doctor13@edoctor.pk', '03589156874', 'Orthopedics', 'Peshawar', 10, 2000, 'Experienced orthopedics specialist serving patients in Peshawar. Focuses on personalized care and evidence-based treatment.', 4.7, true, 'approved', true),
  ('b3e37bfd-be04-4d9a-b5e7-ead08ddd3f30', 'Dr. Mariam Sultan', 'doctor14@edoctor.pk', '03797876276', 'Orthopedics', 'Lahore', 11, 2000, 'Experienced orthopedics specialist serving patients in Lahore. Focuses on personalized care and evidence-based treatment.', 5.0, true, 'approved', true),
  ('00cf78cb-605f-49b2-bb4d-40425e25d48b', 'Dr. Rafay Irfan', 'doctor15@edoctor.pk', '03871540721', 'Orthopedics', 'Karachi', 23, 2500, 'Experienced orthopedics specialist serving patients in Karachi. Focuses on personalized care and evidence-based treatment.', 4.4, true, 'approved', false),
  ('47378d49-f594-4282-b2f3-628e8a000383', 'Dr. Mahnoor Zahid', 'doctor16@edoctor.pk', '03442995637', 'Pediatrics', 'Faisalabad', 19, 2000, 'Experienced pediatrics specialist serving patients in Faisalabad. Focuses on personalized care and evidence-based treatment.', 4.8, true, 'approved', true),
  ('3b11941a-41d8-42df-b93a-8bd325d05892', 'Dr. Tariq Saif', 'doctor17@edoctor.pk', '03743717933', 'Neurology', 'Lahore', 8, 1500, 'Experienced neurology specialist serving patients in Lahore. Focuses on personalized care and evidence-based treatment.', 4.7, true, 'approved', true),
  ('2e2ea53b-8c09-4a2a-88af-576f516be1f7', 'Dr. Sara Fazal', 'doctor18@edoctor.pk', '03411767922', 'Cardiology', 'Lahore', 13, 2500, 'Experienced cardiology specialist serving patients in Lahore. Focuses on personalized care and evidence-based treatment.', 4.4, true, 'approved', false),
  ('71c5bee5-bbfa-4e16-801a-3bcf245d1405', 'Dr. Faisal Qureshi', 'doctor19@edoctor.pk', '03356313253', 'Orthopedics', 'Rawalpindi', 24, 2200, 'Experienced orthopedics specialist serving patients in Rawalpindi. Focuses on personalized care and evidence-based treatment.', 4.7, true, 'approved', true),
  ('be771966-31cb-45c2-aab6-365fe6bb4a6a', 'Dr. Hassan Javed', 'doctor20@edoctor.pk', '03163246272', 'Dermatology', 'Karachi', 14, 1500, 'Experienced dermatology specialist serving patients in Karachi. Focuses on personalized care and evidence-based treatment.', 4.7, false, 'pending', false),
  ('5e8d945e-d9fe-4c7f-a2aa-b8114ebf3aa5', 'Dr. Nimra Zahid', 'doctor21@edoctor.pk', '03667680552', 'Dermatology', 'Islamabad', 17, 3200, 'Experienced dermatology specialist serving patients in Islamabad. Focuses on personalized care and evidence-based treatment.', 4.7, true, 'approved', true),
  ('97b3dc87-c9aa-4a9d-ad4e-5340f21c366f', 'Dr. Kamran Sheikh', 'doctor22@edoctor.pk', '03138179082', 'ENT', 'Faisalabad', 17, 2800, 'Experienced ent specialist serving patients in Faisalabad. Focuses on personalized care and evidence-based treatment.', 4.2, true, 'approved', true),
  ('2a843f64-a05e-4621-99cb-84fe17f8d1f8', 'Dr. Nimra Hussain', 'doctor23@edoctor.pk', '03282959443', 'Dermatology', 'Faisalabad', 22, 3200, 'Experienced dermatology specialist serving patients in Faisalabad. Focuses on personalized care and evidence-based treatment.', 4.1, true, 'approved', true),
  ('d8e60376-428f-49e3-b168-aab4e6f5b38c', 'Dr. Hassan Ali', 'doctor24@edoctor.pk', '03898943148', 'Cardiology', 'Islamabad', 17, 3500, 'Experienced cardiology specialist serving patients in Islamabad. Focuses on personalized care and evidence-based treatment.', 4.5, true, 'approved', false),
  ('1a24a574-d5f8-40a0-878e-beaa94facdae', 'Dr. Nimra Farooq', 'doctor25@edoctor.pk', '03254665450', 'Pediatrics', 'Rawalpindi', 10, 1800, 'Experienced pediatrics specialist serving patients in Rawalpindi. Focuses on personalized care and evidence-based treatment.', 4.1, true, 'approved', true);

-- Patients
INSERT INTO patients (id, full_name, email, phone, gender, date_of_birth, is_active) VALUES
  ('97080740-5fe2-4507-9ec9-96d3ae94e4de', 'Mariam Raza', 'patient1@edoctor.pk', '03703835567', 'Male', '1965-03-07', true),
  ('02b74440-5a7a-419b-8bf7-d50f3a42b406', 'Nadia Qadeer', 'patient2@edoctor.pk', '03763022357', 'Male', '1986-01-12', true),
  ('77c8f76c-fccd-49e2-95d8-eadac4f28a04', 'Sadia Sameer', 'patient3@edoctor.pk', '03691955670', 'Female', '1990-01-19', true),
  ('bed88261-a8e3-47be-a963-addde6b94c2e', 'Imran Raza', 'patient4@edoctor.pk', '03966549617', 'Male', '1990-11-24', true),
  ('2ddcb59c-5f2d-4ff7-9e3d-5252d86b0947', 'Mariam Hussain', 'patient5@edoctor.pk', '03889319000', 'Male', '2005-07-28', true),
  ('c06cce64-a278-46a1-8c18-10db4cad74ad', 'Yasir Anwar', 'patient6@edoctor.pk', '03835534888', 'Male', '2017-10-24', false),
  ('9cbf08a0-26ab-46f5-96e3-b18d1cd8dc83', 'Faisal Anwar', 'patient7@edoctor.pk', '03323916197', 'Male', '1982-11-21', true),
  ('93ca66d9-f184-4abc-b9ef-00a6b4dace77', 'Usman Aslam', 'patient8@edoctor.pk', '03539694502', 'Male', '1986-10-21', true),
  ('85d49e9a-add5-4f0e-a28c-bdf134ba751b', 'Usman Aslam', 'patient9@edoctor.pk', '03219456436', 'Other', '1982-07-23', true),
  ('bcb5d373-d5e6-43fc-9a9a-3a93fa121ce2', 'Yasir Fazal', 'patient10@edoctor.pk', '03902887042', 'Other', '1955-07-11', true),
  ('d13256b4-8c0c-4fe8-a627-3ac4c7ab583b', 'Kamran Hussain', 'patient11@edoctor.pk', '03144589115', 'Male', '2019-07-19', false),
  ('6bd059d8-8159-4810-a22f-d160e31dc288', 'Imran Nawaz', 'patient12@edoctor.pk', '03911740639', 'Other', '1965-11-24', true),
  ('1b3fb909-7079-47f0-9dd8-8fd829e81ca2', 'Bilal Malik', 'patient13@edoctor.pk', '03855314465', 'Other', '1987-11-17', true),
  ('6ea92f62-707f-47d3-b2c0-5fc504caa456', 'Zain Rashid', 'patient14@edoctor.pk', '03871713598', 'Other', '1973-09-10', true),
  ('e6f937f4-6dd2-4688-9ae2-1ad8e013b1e3', 'Zain Zahid', 'patient15@edoctor.pk', '03791695974', 'Male', '1975-07-22', true),
  ('f985e7a7-b984-497a-936d-d78f0d5e9a87', 'Sara Irfan', 'patient16@edoctor.pk', '03663150093', 'Female', '2018-07-27', false),
  ('78d3a49a-0e7f-4a2e-af25-0fbe6225fda8', 'Sami Rashid', 'patient17@edoctor.pk', '03675678792', 'Male', '1985-11-01', true),
  ('f7caa1f7-4246-4f6e-9ca4-2630c7816321', 'Usman Zahid', 'patient18@edoctor.pk', '03747599595', 'Female', '2014-12-01', true),
  ('7ff3d3f5-b274-4a6e-a905-7e16dfd00c0f', 'Faisal Khan', 'patient19@edoctor.pk', '03909522377', 'Other', '2006-06-25', true),
  ('2f23cbc3-d712-41d2-8caa-e8c60f0ea2d9', 'Amna Sultan', 'patient20@edoctor.pk', '03582976678', 'Female', '1978-08-18', true),
  ('35e1c7be-9b02-40dd-bd51-817e6b696c42', 'Faisal Javed', 'patient21@edoctor.pk', '03806298745', 'Female', '1959-04-11', true),
  ('314cd642-dd5d-4c00-bc1b-a201f971d229', 'Zain Anwar', 'patient22@edoctor.pk', '03733325353', 'Male', '1970-07-26', true),
  ('a43e67d5-12f7-41d7-8dd2-cc4bdda967ff', 'Hassan Anwar', 'patient23@edoctor.pk', '03681107938', 'Other', '1981-06-19', false),
  ('a67b3516-c5eb-432c-b50d-da60ef358255', 'Usman Malik', 'patient24@edoctor.pk', '03584253958', 'Female', '1991-11-22', true),
  ('070fca0c-a442-40f4-8f5d-5d2648be888b', 'Hira Ali', 'patient25@edoctor.pk', '03413003600', 'Female', '2015-07-29', false),
  ('ad49abae-2e7d-4f43-896f-c56752a70993', 'Faisal Ali', 'patient26@edoctor.pk', '03834300555', 'Other', '2008-12-29', true),
  ('338d7873-aa2b-4392-8fbd-49c248ad39d0', 'Bilal Rashid', 'patient27@edoctor.pk', '03292641637', 'Female', '2016-12-18', true),
  ('4b298b10-6397-4567-b2d8-a54b311f2b57', 'Bilal Farooq', 'patient28@edoctor.pk', '03704687215', 'Female', '1960-02-23', true),
  ('2c07e175-053c-43bd-b678-6199e2ef962d', 'Mariam Anwar', 'patient29@edoctor.pk', '03445395764', 'Other', '1988-05-24', true),
  ('310f713d-bd5b-4e4c-ad27-53e20b4430f4', 'Yasir Rashid', 'patient30@edoctor.pk', '03225265270', 'Other', '1980-12-29', true),
  ('55a698d1-8ee3-4efd-9f97-e5e35057fa54', 'Rafay Nawaz', 'patient31@edoctor.pk', '03801576525', 'Other', '1969-12-18', true),
  ('fa943670-97c3-4556-aee6-fa531c545f50', 'Zain Zahid', 'patient32@edoctor.pk', '03731323767', 'Female', '1997-06-29', true),
  ('a8e6c5d8-be4b-4c75-b92b-69652f89046e', 'Noor Saif', 'patient33@edoctor.pk', '03446306941', 'Female', '1966-01-08', true),
  ('89d5e290-0a92-4e5b-92cd-c8b33d9e986e', 'Zain Ahmed', 'patient34@edoctor.pk', '03295808035', 'Female', '1992-07-23', true),
  ('20012048-7e09-4f5b-a02d-75c7895b6c91', 'Sami Ahmed', 'patient35@edoctor.pk', '03665840068', 'Male', '2004-05-21', true),
  ('90d03a55-754b-4641-8b0e-f5b534a4ce78', 'Nabeel Raza', 'patient36@edoctor.pk', '03683489885', 'Male', '1973-06-02', true),
  ('a152c0cf-a537-4e1e-bfd8-e9f220287fb1', 'Mahnoor Sameer', 'patient37@edoctor.pk', '03353417377', 'Other', '2009-03-06', false),
  ('83c1ef80-a22c-4f7f-9ace-fc7d15f9618e', 'Yasir Aslam', 'patient38@edoctor.pk', '03522242768', 'Other', '1958-05-15', true),
  ('4da2bc1b-0bd5-4f71-92e7-14eb6d65cc88', 'Amna Raza', 'patient39@edoctor.pk', '03168348930', 'Male', '1979-09-02', true),
  ('be33f7a9-1758-4df7-9193-11c6df71b2de', 'Usman Sheikh', 'patient40@edoctor.pk', '03109125000', 'Female', '1976-08-08', false),
  ('4512af89-36c0-413b-888f-2a3d8201f7b5', 'Sadia Fazal', 'patient41@edoctor.pk', '03566514797', 'Male', '1993-11-25', false),
  ('eda47d17-24f8-4c8d-8009-6b9f8006ccec', 'Faisal Javed', 'patient42@edoctor.pk', '03981250223', 'Male', '1988-03-30', false),
  ('cc354450-f123-4b32-b1ae-9a5eecc49e09', 'Nabeel Fazal', 'patient43@edoctor.pk', '03187831374', 'Female', '1959-08-23', true),
  ('db7fa81d-ae5b-4553-9c48-fa760b4a51c2', 'Tariq Sultan', 'patient44@edoctor.pk', '03767371042', 'Female', '1997-06-20', true),
  ('581bbd7a-6358-4315-a941-41f035eff432', 'Rafay Javed', 'patient45@edoctor.pk', '03823499261', 'Female', '2003-05-30', true),
  ('8b7f8a66-6fa3-4ff9-a8b3-2642e99dfb54', 'Mahnoor Sheikh', 'patient46@edoctor.pk', '03789488800', 'Female', '2012-07-04', true),
  ('e62ead1d-43af-4df2-9020-6ff756291d5c', 'Zain Malik', 'patient47@edoctor.pk', '03802417099', 'Other', '1990-09-06', true),
  ('4b857418-303c-4694-841b-1bb8d4b0fe3f', 'Mahnoor Anwar', 'patient48@edoctor.pk', '03859122942', 'Male', '1980-01-20', true),
  ('dfb59d4a-9691-4c5f-a124-533feda4d271', 'Nadia Sameer', 'patient49@edoctor.pk', '03111946760', 'Other', '1999-03-01', true),
  ('4f8f4774-7274-4129-8bd7-43679583c904', 'Amina Anwar', 'patient50@edoctor.pk', '03711982409', 'Female', '1995-09-04', true),
  ('e36fbe48-d2ac-48f9-bd05-b0ffa5dc31e7', 'Imran Sheikh', 'patient51@edoctor.pk', '03335504566', 'Other', '1999-08-24', true),
  ('834f325a-f392-4a48-a4aa-368a2cb1ca3c', 'Hassan Rashid', 'patient52@edoctor.pk', '03331055392', 'Female', '1997-09-13', true),
  ('5bc8b023-5489-4fcb-b75d-09aeb9b482f1', 'Usman Anwar', 'patient53@edoctor.pk', '03149878570', 'Female', '1988-02-24', false),
  ('97169a8d-89dc-494c-b13a-6209139b6d56', 'Sadia Zahid', 'patient54@edoctor.pk', '03213209121', 'Male', '2004-06-07', true),
  ('8be1b7cf-d8af-4ee9-bd23-bdf88f865172', 'Sami Aslam', 'patient55@edoctor.pk', '03639243727', 'Female', '2005-09-28', true),
  ('c6a259b1-85d2-4e2f-99cb-aaa3398aefe8', 'Sara Malik', 'patient56@edoctor.pk', '03878822052', 'Male', '2004-06-21', true),
  ('e0a2e152-eb94-4429-a4d8-c22823927421', 'Zeeshan Fazal', 'patient57@edoctor.pk', '03891644429', 'Other', '1980-09-02', false),
  ('5c8dd21e-72fb-4ea5-a36e-2015dc17f191', 'Nabeel Hussain', 'patient58@edoctor.pk', '03861189193', 'Other', '2013-09-12', true),
  ('515458f4-94fd-44c6-860b-acd69100016f', 'Zeeshan Ali', 'patient59@edoctor.pk', '03477225895', 'Female', '1996-04-18', true),
  ('4c8c0bf6-08f3-444d-a0b8-9e5cd7a41435', 'Sadia Nawaz', 'patient60@edoctor.pk', '03494381065', 'Other', '1992-11-01', true),
  ('5d0527b3-4f45-4f34-a1d3-719b103b2353', 'Mahnoor Qadeer', 'patient61@edoctor.pk', '03822794588', 'Other', '1983-04-30', true),
  ('3d157ed6-3248-4fcf-aad1-6983b536ddb8', 'Ayesha Fazal', 'patient62@edoctor.pk', '03566156443', 'Female', '2006-11-18', true),
  ('8bcd5b93-4f7b-4d3b-ba33-2ca7917f6aa8', 'Amina Ali', 'patient63@edoctor.pk', '03893110825', 'Male', '1992-05-18', true),
  ('2b4f139b-74fb-4d7f-9c17-02ef041db130', 'Nabeel Saif', 'patient64@edoctor.pk', '03916583118', 'Male', '1996-08-11', true),
  ('2fef1f3b-4680-4847-bfa1-0720b56042aa', 'Mahnoor Sultan', 'patient65@edoctor.pk', '03642967830', 'Male', '1957-06-13', true),
  ('da7074f2-9c98-428a-aee7-2473c77bcafb', 'Zeeshan Sultan', 'patient66@edoctor.pk', '03585367416', 'Other', '1994-06-27', true),
  ('c8169c50-7394-444c-a21d-5017eae525ea', 'Nadia Khan', 'patient67@edoctor.pk', '03818035336', 'Other', '1999-08-06', false),
  ('0a79ed28-d97e-475f-8736-aae305c3a1f5', 'Hina Aslam', 'patient68@edoctor.pk', '03285771800', 'Other', '1955-10-19', true),
  ('abeda3cd-3ed8-4e87-b5f2-205c4f0c564f', 'Mahnoor Malik', 'patient69@edoctor.pk', '03552088026', 'Other', '2016-02-25', true),
  ('a34450a0-9ec0-4523-9444-5596f437004e', 'Sami Sheikh', 'patient70@edoctor.pk', '03206865141', 'Female', '2008-12-06', true),
  ('88669a90-102d-4b0e-a089-17e582463a08', 'Rafay Qadeer', 'patient71@edoctor.pk', '03178770250', 'Other', '1992-06-20', true),
  ('8a1f7a35-1e38-4c26-8a16-268d85cfa107', 'Rafay Rashid', 'patient72@edoctor.pk', '03365660296', 'Female', '2008-03-12', true),
  ('9ebc803b-b3be-4525-bc1a-9485a1909a54', 'Bilal Qureshi', 'patient73@edoctor.pk', '03234926753', 'Other', '2006-06-24', true),
  ('9eda0f64-f8a1-4333-a365-617ee49dd06b', 'Mariam Aslam', 'patient74@edoctor.pk', '03518830676', 'Other', '1959-01-04', true),
  ('3e83996a-8c03-414c-9d78-ece0a19b220a', 'Yasir Zulfiqar', 'patient75@edoctor.pk', '03357448975', 'Female', '1974-01-21', true),
  ('5c60f251-14f7-4437-8742-00d18d171f35', 'Nabeel Raza', 'patient76@edoctor.pk', '03614413613', 'Other', '1968-03-30', true),
  ('56769096-05e3-49c2-89b8-d3bfc7e32f5a', 'Yasir Javed', 'patient77@edoctor.pk', '03297343201', 'Male', '1972-11-26', true),
  ('21e60fc2-3a5a-4316-80d9-d19ebfcbb57c', 'Nadia Qadeer', 'patient78@edoctor.pk', '03161589548', 'Female', '2017-01-21', true),
  ('43f9a741-a1c2-4ec5-9e47-22c36be47f52', 'Hina Sameer', 'patient79@edoctor.pk', '03976086817', 'Other', '1989-10-09', true),
  ('14bd27ae-40b2-4a7e-8bca-cfe037fd8e82', 'Mahnoor Nawaz', 'patient80@edoctor.pk', '03876887550', 'Other', '1961-04-17', false),
  ('87ca406a-f75b-489a-8a25-a04c55fa9dbb', 'Nimra Khan', 'patient81@edoctor.pk', '03742266725', 'Other', '2018-02-16', true),
  ('9ea80afd-1c0b-41a4-b308-19e73666561b', 'Hina Hussain', 'patient82@edoctor.pk', '03768949854', 'Male', '1965-03-11', true),
  ('ecc51490-57c7-4a34-8173-d71003d5a4c7', 'Bilal Aziz', 'patient83@edoctor.pk', '03104289539', 'Other', '1961-11-07', true),
  ('db3f110f-a75e-495c-8508-71d32b56acd0', 'Imran Anwar', 'patient84@edoctor.pk', '03557394254', 'Female', '2014-09-22', true),
  ('957785f2-90ef-4fe0-8135-787658dfc979', 'Nabeel Qadeer', 'patient85@edoctor.pk', '03478446197', 'Male', '1985-05-07', true),
  ('30d71e18-611c-4f75-bd8f-c0d31cfd7df8', 'Ayesha Saleem', 'patient86@edoctor.pk', '03887422844', 'Male', '1961-01-30', false),
  ('abe7578f-3e4d-45d7-9f94-640ab084721f', 'Noor Raza', 'patient87@edoctor.pk', '03449536205', 'Female', '1961-05-26', true),
  ('8577a3ac-cde2-45d8-985e-e900a00d9b23', 'Sadia Hussain', 'patient88@edoctor.pk', '03185928105', 'Male', '1979-11-17', true),
  ('a9b034a1-79a5-4856-86cb-3f4f44011b7d', 'Noor Ahmed', 'patient89@edoctor.pk', '03461145152', 'Other', '1997-08-28', false),
  ('98fb4aee-59fa-4475-ab4d-19a8e3c8d3e1', 'Nimra Hussain', 'patient90@edoctor.pk', '03126241708', 'Female', '1972-06-12', true),
  ('53d5ee16-843f-437b-84fe-0fcfd6b8c7dc', 'Yasir Sultan', 'patient91@edoctor.pk', '03315866165', 'Female', '1977-07-08', true),
  ('95814d3f-588e-4c8d-874d-3d32c012c227', 'Amna Qadeer', 'patient92@edoctor.pk', '03141762577', 'Other', '1987-08-18', true),
  ('0239c15d-46ed-4279-ab77-a0646f660ec4', 'Imran Sameer', 'patient93@edoctor.pk', '03331357143', 'Male', '1966-03-30', false),
  ('45e7d967-3735-4fd3-8205-609739916e1d', 'Hira Aziz', 'patient94@edoctor.pk', '03572615548', 'Other', '2003-06-24', true),
  ('b9ae1be1-c73b-49ae-9e4b-7d240a131fd7', 'Kamran Nawaz', 'patient95@edoctor.pk', '03559650676', 'Male', '1955-01-30', true),
  ('365b3473-7aad-4f22-bf4d-8c75d4695d00', 'Hira Malik', 'patient96@edoctor.pk', '03604659188', 'Female', '1963-12-20', true),
  ('40a12225-b0f1-427e-8926-0e67d5d161fa', 'Nadia Fazal', 'patient97@edoctor.pk', '03194275609', 'Female', '2016-04-06', true),
  ('026467bc-6cca-4b13-b7d3-b1eef01c0a33', 'Nadia Sheikh', 'patient98@edoctor.pk', '03271490149', 'Female', '2007-10-30', true),
  ('0efedc9f-6c4c-4c55-b75e-771291372431', 'Ayesha Irfan', 'patient99@edoctor.pk', '03757817820', 'Other', '1958-12-21', true),
  ('10629dd4-3fb9-48e9-9dbe-22a9fefbd61f', 'Zeeshan Sameer', 'patient100@edoctor.pk', '03742324351', 'Female', '1997-10-27', true);

-- Appointments
INSERT INTO appointments (id, doctor_id, patient_id, appointment_date, appointment_time, status, notes) VALUES
  ('c70b8077-d0af-479d-bf73-8e2fbad3eabc', '47378d49-f594-4282-b2f3-628e8a000383', '4512af89-36c0-413b-888f-2a3d8201f7b5', '2026-06-10', '10:45:00', 'scheduled', 'Needs lab tests before next visit.'),
  ('289e4e72-4549-47f2-8e20-c03036588f04', '58d704fd-d8ae-4017-85fd-f821820e6e4f', '02b74440-5a7a-419b-8bf7-d50f3a42b406', '2026-06-11', '11:30:00', 'completed', 'Follow-up consultation.'),
  ('aba169d3-3ce2-4504-aba1-cbf94d203721', '47378d49-f594-4282-b2f3-628e8a000383', 'db7fa81d-ae5b-4553-9c48-fa760b4a51c2', '2026-07-07', '16:45:00', 'scheduled', 'Routine checkup.'),
  ('f77076b1-5f19-4571-998b-61e9b8073e22', 'be771966-31cb-45c2-aab6-365fe6bb4a6a', '2f23cbc3-d712-41d2-8caa-e8c60f0ea2d9', '2026-07-29', '16:30:00', 'scheduled', 'Referred for specialist review.'),
  ('b84f3378-37c4-4c7b-a7b5-98782d4db801', '71c5bee5-bbfa-4e16-801a-3bcf245d1405', '314cd642-dd5d-4c00-bc1b-a201f971d229', '2026-07-17', '09:30:00', 'completed', 'Needs lab tests before next visit.'),
  ('03baacfd-a79f-45a1-ae64-8ad9fbbb3ce2', '5e8d945e-d9fe-4c7f-a2aa-b8114ebf3aa5', '1b3fb909-7079-47f0-9dd8-8fd829e81ca2', '2026-07-09', '10:45:00', 'scheduled', 'Prescribed medication.'),
  ('660cb13f-1de2-4394-813d-a03418c7147f', '00cf78cb-605f-49b2-bb4d-40425e25d48b', 'abeda3cd-3ed8-4e87-b5f2-205c4f0c564f', '2026-06-07', '16:45:00', 'scheduled', 'Reviewed test results.'),
  ('77d90f52-f39c-4dbb-9d69-0a3ed6f83934', 'f46a22d1-9657-44d2-b9ba-0ad6b22c6e13', '2f23cbc3-d712-41d2-8caa-e8c60f0ea2d9', '2026-06-29', '09:15:00', 'completed', 'Follow-up consultation.'),
  ('cbee272e-e6dd-4778-b037-bb673f2f3f77', 'a0e6159e-3695-426d-9178-3011a67748d1', '365b3473-7aad-4f22-bf4d-8c75d4695d00', '2026-06-03', '14:15:00', 'scheduled', 'Discussed treatment plan.'),
  ('e0a4bbe8-d71c-4130-a501-b80d404c68fb', 'd48efc5d-cc0b-40a2-a5a5-6dda11a930fb', 'a9b034a1-79a5-4856-86cb-3f4f44011b7d', '2026-07-05', '11:15:00', 'completed', 'Reviewed test results.'),
  ('9032d036-05fb-4022-9bf3-efb17a4d5a68', '1769f605-ba04-4691-bf5d-f0053bd0c196', '0a79ed28-d97e-475f-8736-aae305c3a1f5', '2026-07-07', '12:15:00', 'scheduled', 'Prescribed medication.'),
  ('04444bae-ef4c-4938-ab9c-f48eb066973e', '4613cb0f-b569-45c8-8751-a87e231f14b0', '30d71e18-611c-4f75-bd8f-c0d31cfd7df8', '2026-06-15', '10:45:00', 'scheduled', 'Follow-up consultation.'),
  ('49b05721-1c19-4f38-a268-ba6de2ce37e8', '71c5bee5-bbfa-4e16-801a-3bcf245d1405', 'abeda3cd-3ed8-4e87-b5f2-205c4f0c564f', '2026-07-30', '10:45:00', 'cancelled', 'Discussed treatment plan.'),
  ('e6de55d5-59ce-434c-9f77-5d6b3b6ee03b', '05d30a77-8f24-4ed9-b7b3-09b5d0d2a2a6', '40a12225-b0f1-427e-8926-0e67d5d161fa', '2026-07-28', '16:45:00', 'cancelled', 'Needs lab tests before next visit.'),
  ('242c87af-e7bf-4762-964f-b9b8b70b7b93', 'b3e37bfd-be04-4d9a-b5e7-ead08ddd3f30', '5c8dd21e-72fb-4ea5-a36e-2015dc17f191', '2026-07-04', '10:00:00', 'cancelled', 'Patient reported improvement.'),
  ('c9232db2-d969-4b68-8e2a-d799c9614791', 'b3e37bfd-be04-4d9a-b5e7-ead08ddd3f30', 'a152c0cf-a537-4e1e-bfd8-e9f220287fb1', '2026-07-24', '09:00:00', 'completed', 'Needs lab tests before next visit.'),
  ('ee6b55de-2e97-4c92-abbe-69d39092994e', '47378d49-f594-4282-b2f3-628e8a000383', '95814d3f-588e-4c8d-874d-3d32c012c227', '2026-06-15', '09:30:00', 'scheduled', 'Patient has chronic condition management plan.'),
  ('4b3a43fd-531d-4ffb-b372-cfbf9130be07', '47378d49-f594-4282-b2f3-628e8a000383', 'e6f937f4-6dd2-4688-9ae2-1ad8e013b1e3', '2026-07-12', '14:45:00', 'completed', 'Discussed treatment plan.'),
  ('2215fadf-4d8d-447c-a531-0ab8f1cb7937', 'd8e60376-428f-49e3-b168-aab4e6f5b38c', '95814d3f-588e-4c8d-874d-3d32c012c227', '2026-06-15', '13:30:00', 'completed', 'Prescribed medication.'),
  ('5b0532e6-32b6-43eb-805a-321e52830afc', 'd48efc5d-cc0b-40a2-a5a5-6dda11a930fb', 'a34450a0-9ec0-4523-9444-5596f437004e', '2026-06-29', '11:00:00', 'scheduled', 'Reviewed test results.'),
  ('3af4d6f9-a7e9-455a-b4f5-b1380f8dabe8', 'd8e60376-428f-49e3-b168-aab4e6f5b38c', '070fca0c-a442-40f4-8f5d-5d2648be888b', '2026-07-30', '14:00:00', 'cancelled', 'Follow-up consultation.'),
  ('4e521581-9cf4-42b9-be9f-e7dfae27f39e', 'be771966-31cb-45c2-aab6-365fe6bb4a6a', '8577a3ac-cde2-45d8-985e-e900a00d9b23', '2026-06-27', '16:45:00', 'scheduled', 'Referred for specialist review.'),
  ('bbc52977-f28e-4829-8222-70a63a7104d2', 'be771966-31cb-45c2-aab6-365fe6bb4a6a', '515458f4-94fd-44c6-860b-acd69100016f', '2026-06-12', '11:15:00', 'completed', 'Reviewed test results.'),
  ('62c6228a-23ff-4c74-b4d6-d59d17289842', '2a843f64-a05e-4621-99cb-84fe17f8d1f8', 'cc354450-f123-4b32-b1ae-9a5eecc49e09', '2026-06-02', '10:30:00', 'scheduled', 'Patient has chronic condition management plan.'),
  ('20357531-7382-4c3a-be4c-b488e68f9475', 'd48efc5d-cc0b-40a2-a5a5-6dda11a930fb', 'a8e6c5d8-be4b-4c75-b92b-69652f89046e', '2026-07-22', '10:30:00', 'completed', 'Patient reported improvement.'),
  ('89c3d883-c3a7-43dd-91ae-435a17c113ba', 'be771966-31cb-45c2-aab6-365fe6bb4a6a', 'ad49abae-2e7d-4f43-896f-c56752a70993', '2026-06-06', '13:45:00', 'scheduled', 'Prescribed medication.'),
  ('d60ace8f-bc59-4dc4-88ae-e890190fe0fc', '1769f605-ba04-4691-bf5d-f0053bd0c196', '1b3fb909-7079-47f0-9dd8-8fd829e81ca2', '2026-07-04', '09:30:00', 'cancelled', 'Routine checkup.'),
  ('7a6ed6b4-eb56-436c-b9b0-bb367d29f1c4', '00cf78cb-605f-49b2-bb4d-40425e25d48b', 'eda47d17-24f8-4c8d-8009-6b9f8006ccec', '2026-06-12', '13:45:00', 'completed', 'Patient reported improvement.'),
  ('c2599555-89ce-4a08-875f-783823b6e816', '5a512449-2094-4367-8abc-60438c9974e1', '4512af89-36c0-413b-888f-2a3d8201f7b5', '2026-06-24', '15:15:00', 'completed', 'Routine checkup.'),
  ('f98b49d3-f644-405e-806f-fb5ea0f4e552', '71c5bee5-bbfa-4e16-801a-3bcf245d1405', '83c1ef80-a22c-4f7f-9ace-fc7d15f9618e', '2026-06-28', '09:45:00', 'scheduled', 'Referred for specialist review.'),
  ('312eaaba-4939-46fb-9400-9a6cbcc14c03', 'b3e37bfd-be04-4d9a-b5e7-ead08ddd3f30', '7ff3d3f5-b274-4a6e-a905-7e16dfd00c0f', '2026-06-28', '14:15:00', 'scheduled', 'Discussed treatment plan.'),
  ('5803f079-e2ba-4807-abb3-12ba51f5e6a9', '05d30a77-8f24-4ed9-b7b3-09b5d0d2a2a6', 'abeda3cd-3ed8-4e87-b5f2-205c4f0c564f', '2026-07-15', '12:15:00', 'scheduled', 'Patient reported improvement.'),
  ('81645a66-5d16-4141-a811-f89cd2339df3', 'd8e60376-428f-49e3-b168-aab4e6f5b38c', '40a12225-b0f1-427e-8926-0e67d5d161fa', '2026-06-23', '11:00:00', 'completed', 'Patient reported improvement.'),
  ('26ed74d4-16e1-40aa-ba52-304240194a6f', '378f1b5a-f533-4218-bcff-81f91097e4f1', '95814d3f-588e-4c8d-874d-3d32c012c227', '2026-07-20', '10:15:00', 'completed', 'Needs lab tests before next visit.'),
  ('06b30510-8a8a-4dc0-a11b-d6eb9245de2c', '2db8a627-fbb4-433a-a19d-f9a0a3c2f4f5', '070fca0c-a442-40f4-8f5d-5d2648be888b', '2026-07-21', '12:30:00', 'cancelled', 'Patient has chronic condition management plan.'),
  ('8f9a2a33-11c3-4c12-a8fb-23a5862ba156', '3b11941a-41d8-42df-b93a-8bd325d05892', '90d03a55-754b-4641-8b0e-f5b534a4ce78', '2026-07-09', '12:00:00', 'scheduled', 'Referred for specialist review.'),
  ('c6fc1dec-aca8-491a-8acc-fa7e4bf7e058', '591f8321-1b9d-43ab-90fe-2c45dc52038f', '20012048-7e09-4f5b-a02d-75c7895b6c91', '2026-07-22', '12:15:00', 'completed', 'Patient reported improvement.'),
  ('452962d3-1796-4d7b-8fe3-40c9fd2584b4', '58d704fd-d8ae-4017-85fd-f821820e6e4f', '20012048-7e09-4f5b-a02d-75c7895b6c91', '2026-07-17', '09:00:00', 'scheduled', 'Referred for specialist review.'),
  ('959b09a4-ee07-4978-93d8-0cda674c3917', '1769f605-ba04-4691-bf5d-f0053bd0c196', '0239c15d-46ed-4279-ab77-a0646f660ec4', '2026-06-01', '14:30:00', 'scheduled', 'Reviewed test results.'),
  ('ff58a938-d423-4725-9b01-439b331a47c5', 'b3e37bfd-be04-4d9a-b5e7-ead08ddd3f30', '83c1ef80-a22c-4f7f-9ace-fc7d15f9618e', '2026-07-07', '12:15:00', 'completed', 'Follow-up consultation.'),
  ('fec917c9-a1bc-4e89-8b9b-03a6e209f703', '71c5bee5-bbfa-4e16-801a-3bcf245d1405', '4da2bc1b-0bd5-4f71-92e7-14eb6d65cc88', '2026-07-02', '14:15:00', 'scheduled', 'Follow-up consultation.'),
  ('675a4481-62bf-484e-a488-889433295f3c', '2e2ea53b-8c09-4a2a-88af-576f516be1f7', '3d157ed6-3248-4fcf-aad1-6983b536ddb8', '2026-07-27', '10:45:00', 'scheduled', 'Follow-up consultation.'),
  ('55155428-48aa-442c-87a3-c4d66c0d4d81', 'be771966-31cb-45c2-aab6-365fe6bb4a6a', '83c1ef80-a22c-4f7f-9ace-fc7d15f9618e', '2026-07-02', '13:30:00', 'completed', 'Patient has chronic condition management plan.'),
  ('7e97f0b3-5bd9-4345-be52-93ca1f9952c2', '2e2ea53b-8c09-4a2a-88af-576f516be1f7', 'eda47d17-24f8-4c8d-8009-6b9f8006ccec', '2026-07-22', '12:45:00', 'scheduled', 'Needs lab tests before next visit.'),
  ('2495b58d-baa0-414d-b540-d33e0d801322', '05d30a77-8f24-4ed9-b7b3-09b5d0d2a2a6', '90d03a55-754b-4641-8b0e-f5b534a4ce78', '2026-07-30', '11:15:00', 'scheduled', 'Patient has chronic condition management plan.'),
  ('0086bc46-94fb-453e-b5c4-6c813ba537a0', '71c5bee5-bbfa-4e16-801a-3bcf245d1405', '026467bc-6cca-4b13-b7d3-b1eef01c0a33', '2026-06-24', '15:15:00', 'scheduled', 'Patient has chronic condition management plan.'),
  ('e2384fe1-99e1-4aad-a04e-12fbc41590cb', 'f46a22d1-9657-44d2-b9ba-0ad6b22c6e13', '3e83996a-8c03-414c-9d78-ece0a19b220a', '2026-07-05', '15:30:00', 'completed', 'Discussed treatment plan.'),
  ('ecbbefcf-6fe2-4884-83c8-c1deefede052', '1769f605-ba04-4691-bf5d-f0053bd0c196', '20012048-7e09-4f5b-a02d-75c7895b6c91', '2026-07-12', '15:45:00', 'cancelled', 'Needs lab tests before next visit.'),
  ('f2297ebf-2371-424b-9708-9d163516ad8c', '47378d49-f594-4282-b2f3-628e8a000383', '4f8f4774-7274-4129-8bd7-43679583c904', '2026-06-17', '14:15:00', 'scheduled', 'Patient has chronic condition management plan.'),
  ('c9fc7594-b29e-4c90-986f-ab43751eb437', '4305581a-1d48-4f1c-89c9-e6056cb14f9b', 'a67b3516-c5eb-432c-b50d-da60ef358255', '2026-06-26', '13:15:00', 'completed', 'Patient reported improvement.'),
  ('a2438a66-cfbc-4f24-b3f2-9572307c7f2e', 'b3e37bfd-be04-4d9a-b5e7-ead08ddd3f30', 'be33f7a9-1758-4df7-9193-11c6df71b2de', '2026-07-26', '10:30:00', 'completed', 'Prescribed medication.'),
  ('36980c58-d33b-429d-a480-570ee659ea2e', '2db8a627-fbb4-433a-a19d-f9a0a3c2f4f5', '21e60fc2-3a5a-4316-80d9-d19ebfcbb57c', '2026-07-19', '12:15:00', 'scheduled', 'Patient reported improvement.'),
  ('09b6a332-8be8-4829-bc5d-ef7cfd6f8def', '71c5bee5-bbfa-4e16-801a-3bcf245d1405', 'a34450a0-9ec0-4523-9444-5596f437004e', '2026-06-26', '14:15:00', 'scheduled', 'Patient reported improvement.'),
  ('4b7de05a-1ce9-416d-a526-781fee4dc62c', '5e8d945e-d9fe-4c7f-a2aa-b8114ebf3aa5', 'cc354450-f123-4b32-b1ae-9a5eecc49e09', '2026-07-18', '14:45:00', 'completed', 'Routine checkup.'),
  ('d34ceae6-4d31-4f4f-acf7-135b47846567', '58d704fd-d8ae-4017-85fd-f821820e6e4f', '87ca406a-f75b-489a-8a25-a04c55fa9dbb', '2026-06-07', '14:00:00', 'scheduled', 'Patient has chronic condition management plan.'),
  ('f2e97c79-ae16-4fc7-a024-2a318cd3c152', '591f8321-1b9d-43ab-90fe-2c45dc52038f', '5d0527b3-4f45-4f34-a1d3-719b103b2353', '2026-07-17', '13:00:00', 'completed', 'Prescribed medication.'),
  ('984b611f-947a-412e-9b69-839846287748', 'f46a22d1-9657-44d2-b9ba-0ad6b22c6e13', 'c06cce64-a278-46a1-8c18-10db4cad74ad', '2026-07-02', '12:30:00', 'completed', 'Needs lab tests before next visit.'),
  ('f993d476-984f-4b12-b4b6-5370db881353', '05d30a77-8f24-4ed9-b7b3-09b5d0d2a2a6', 'a8e6c5d8-be4b-4c75-b92b-69652f89046e', '2026-05-31', '12:30:00', 'scheduled', 'Prescribed medication.'),
  ('e38900bd-b1c3-410c-9719-303a0b2d2680', '47378d49-f594-4282-b2f3-628e8a000383', 'abeda3cd-3ed8-4e87-b5f2-205c4f0c564f', '2026-06-06', '15:00:00', 'scheduled', 'Follow-up consultation.'),
  ('a70ec786-e36e-497b-9388-5eff016ce599', '58d704fd-d8ae-4017-85fd-f821820e6e4f', '90d03a55-754b-4641-8b0e-f5b534a4ce78', '2026-06-30', '16:45:00', 'completed', 'Patient reported improvement.'),
  ('53c1af9a-9c5f-453a-ae67-b601a8e40f7e', '2e2ea53b-8c09-4a2a-88af-576f516be1f7', '515458f4-94fd-44c6-860b-acd69100016f', '2026-07-27', '11:00:00', 'scheduled', 'Prescribed medication.'),
  ('9e0bf691-f019-4dd2-9d3c-717db3de9c7b', '4613cb0f-b569-45c8-8751-a87e231f14b0', '4512af89-36c0-413b-888f-2a3d8201f7b5', '2026-06-23', '09:00:00', 'scheduled', 'Patient has chronic condition management plan.'),
  ('0b155531-bf11-4efc-85b1-fbe3d49b9070', '71c5bee5-bbfa-4e16-801a-3bcf245d1405', '10629dd4-3fb9-48e9-9dbe-22a9fefbd61f', '2026-07-27', '16:45:00', 'cancelled', 'Needs lab tests before next visit.'),
  ('7a9cb52b-eee2-48ee-b258-5dd281211e78', '2e2ea53b-8c09-4a2a-88af-576f516be1f7', '98fb4aee-59fa-4475-ab4d-19a8e3c8d3e1', '2026-07-16', '09:15:00', 'completed', 'Patient reported improvement.'),
  ('7b0a6090-ab35-44da-ade3-ccc0faf59294', '4613cb0f-b569-45c8-8751-a87e231f14b0', 'a34450a0-9ec0-4523-9444-5596f437004e', '2026-06-21', '12:15:00', 'cancelled', 'Patient has chronic condition management plan.'),
  ('1a47f57c-e342-4b89-aab9-c969a4ea7df3', '4613cb0f-b569-45c8-8751-a87e231f14b0', '97169a8d-89dc-494c-b13a-6209139b6d56', '2026-06-15', '12:30:00', 'completed', 'Needs lab tests before next visit.'),
  ('47a5e885-646d-402a-b0ac-6e716fa7ca13', '2e2ea53b-8c09-4a2a-88af-576f516be1f7', '43f9a741-a1c2-4ec5-9e47-22c36be47f52', '2026-06-28', '14:30:00', 'scheduled', 'Needs lab tests before next visit.'),
  ('afa9f499-5329-458e-9f7e-131a184b1d01', '591f8321-1b9d-43ab-90fe-2c45dc52038f', '45e7d967-3735-4fd3-8205-609739916e1d', '2026-07-23', '11:15:00', 'scheduled', 'Routine checkup.'),
  ('1cf20c90-dff7-4e98-b937-2c26fb355f18', '2db8a627-fbb4-433a-a19d-f9a0a3c2f4f5', '2b4f139b-74fb-4d7f-9c17-02ef041db130', '2026-06-06', '10:45:00', 'cancelled', 'Follow-up consultation.'),
  ('f6e4e189-20da-40b4-a11d-37520684ae83', 'be771966-31cb-45c2-aab6-365fe6bb4a6a', 'da7074f2-9c98-428a-aee7-2473c77bcafb', '2026-07-08', '15:30:00', 'scheduled', 'Reviewed test results.'),
  ('f6f03fd0-2e2a-4b1c-99ea-e04d1deb4d31', '4613cb0f-b569-45c8-8751-a87e231f14b0', '4c8c0bf6-08f3-444d-a0b8-9e5cd7a41435', '2026-06-30', '12:15:00', 'scheduled', 'Patient has chronic condition management plan.'),
  ('7c895a7d-24a7-4600-9bb7-2db0154a2e1f', 'be771966-31cb-45c2-aab6-365fe6bb4a6a', '40a12225-b0f1-427e-8926-0e67d5d161fa', '2026-06-13', '12:30:00', 'completed', 'Follow-up consultation.'),
  ('873b4a5d-e3e3-4b13-9cab-494410da5296', '58d704fd-d8ae-4017-85fd-f821820e6e4f', '5bc8b023-5489-4fcb-b75d-09aeb9b482f1', '2026-07-26', '12:30:00', 'scheduled', 'Referred for specialist review.'),
  ('1b664061-565c-4452-9be9-01927cab3736', '47378d49-f594-4282-b2f3-628e8a000383', '6ea92f62-707f-47d3-b2c0-5fc504caa456', '2026-07-01', '09:45:00', 'scheduled', 'Prescribed medication.'),
  ('ed4de0cf-31e0-4f4f-9f3a-f4b12adee03c', '591f8321-1b9d-43ab-90fe-2c45dc52038f', '02b74440-5a7a-419b-8bf7-d50f3a42b406', '2026-06-25', '10:00:00', 'scheduled', 'Prescribed medication.'),
  ('1ff029b9-b335-4679-969b-923aa333d51a', '378f1b5a-f533-4218-bcff-81f91097e4f1', '7ff3d3f5-b274-4a6e-a905-7e16dfd00c0f', '2026-06-06', '10:30:00', 'scheduled', 'Patient has chronic condition management plan.'),
  ('14a98e52-60df-4e41-8819-23f41616196e', '4305581a-1d48-4f1c-89c9-e6056cb14f9b', '1b3fb909-7079-47f0-9dd8-8fd829e81ca2', '2026-06-03', '13:00:00', 'cancelled', 'Reviewed test results.'),
  ('af990f5d-ac98-4400-8928-434e292dc2c0', '591f8321-1b9d-43ab-90fe-2c45dc52038f', '310f713d-bd5b-4e4c-ad27-53e20b4430f4', '2026-06-05', '12:45:00', 'scheduled', 'Patient reported improvement.'),
  ('228688cf-e7e5-4f05-9a01-461508a96fed', 'a0e6159e-3695-426d-9178-3011a67748d1', '581bbd7a-6358-4315-a941-41f035eff432', '2026-07-07', '12:30:00', 'scheduled', 'Patient has chronic condition management plan.'),
  ('9f8287a3-eaac-458d-829f-cd06beff3e37', '378f1b5a-f533-4218-bcff-81f91097e4f1', 'a43e67d5-12f7-41d7-8dd2-cc4bdda967ff', '2026-06-15', '09:45:00', 'scheduled', 'Prescribed medication.'),
  ('b258d39c-8bf2-4583-9e86-4eb48c83555d', 'f46a22d1-9657-44d2-b9ba-0ad6b22c6e13', 'f985e7a7-b984-497a-936d-d78f0d5e9a87', '2026-07-16', '12:30:00', 'cancelled', 'Prescribed medication.'),
  ('f9a192b3-2091-40e1-b982-b1dba71606b4', '5a512449-2094-4367-8abc-60438c9974e1', '53d5ee16-843f-437b-84fe-0fcfd6b8c7dc', '2026-07-25', '13:00:00', 'completed', 'Discussed treatment plan.'),
  ('bb1cfc6f-ba4c-4aa5-a004-2dcd361c6fd8', '71c5bee5-bbfa-4e16-801a-3bcf245d1405', '14bd27ae-40b2-4a7e-8bca-cfe037fd8e82', '2026-06-13', '14:30:00', 'scheduled', 'Prescribed medication.'),
  ('f3cf0cf3-4b89-4cce-808a-b0c4edc6ee2e', '5e8d945e-d9fe-4c7f-a2aa-b8114ebf3aa5', 'a43e67d5-12f7-41d7-8dd2-cc4bdda967ff', '2026-07-21', '16:45:00', 'completed', 'Patient reported improvement.'),
  ('3a92020d-96a2-4402-8ad7-cf1a68e6777a', 'd8e60376-428f-49e3-b168-aab4e6f5b38c', '45e7d967-3735-4fd3-8205-609739916e1d', '2026-06-27', '13:15:00', 'completed', 'Prescribed medication.'),
  ('ed7a1d77-43f0-4300-8fce-086be6e19e17', 'be771966-31cb-45c2-aab6-365fe6bb4a6a', '0efedc9f-6c4c-4c55-b75e-771291372431', '2026-06-11', '09:30:00', 'scheduled', 'Patient reported improvement.'),
  ('3df0c09d-ef66-48ac-b12f-0a6f626c2b37', '5e8d945e-d9fe-4c7f-a2aa-b8114ebf3aa5', '20012048-7e09-4f5b-a02d-75c7895b6c91', '2026-07-25', '09:45:00', 'cancelled', 'Patient has chronic condition management plan.'),
  ('dd478528-ae55-485d-8c6d-eb034ad67fd1', 'b3e37bfd-be04-4d9a-b5e7-ead08ddd3f30', '3e83996a-8c03-414c-9d78-ece0a19b220a', '2026-07-26', '14:00:00', 'cancelled', 'Patient has chronic condition management plan.'),
  ('1c5ef6f7-6b88-402c-b855-c06b22190dd6', '2e2ea53b-8c09-4a2a-88af-576f516be1f7', 'dfb59d4a-9691-4c5f-a124-533feda4d271', '2026-07-23', '09:45:00', 'scheduled', 'Prescribed medication.'),
  ('7c319ed1-b8e6-435a-9901-b4a6fe93584f', '97b3dc87-c9aa-4a9d-ad4e-5340f21c366f', '8577a3ac-cde2-45d8-985e-e900a00d9b23', '2026-07-25', '14:15:00', 'cancelled', 'Follow-up consultation.'),
  ('07c4af64-d4c8-41b4-8c45-e92a30dd22db', '5e8d945e-d9fe-4c7f-a2aa-b8114ebf3aa5', 'dfb59d4a-9691-4c5f-a124-533feda4d271', '2026-07-26', '12:15:00', 'scheduled', 'Reviewed test results.'),
  ('a910868b-bb15-43d9-bcaf-e309406200e7', '47378d49-f594-4282-b2f3-628e8a000383', '97169a8d-89dc-494c-b13a-6209139b6d56', '2026-06-27', '11:00:00', 'cancelled', 'Routine checkup.'),
  ('d01cf8e6-8095-479f-a253-7ef7050dbd59', '97b3dc87-c9aa-4a9d-ad4e-5340f21c366f', '4f8f4774-7274-4129-8bd7-43679583c904', '2026-07-28', '14:15:00', 'scheduled', 'Prescribed medication.'),
  ('e054d75a-7bfa-4bf9-bce1-0788f50c2cd4', '5a512449-2094-4367-8abc-60438c9974e1', '4b857418-303c-4694-841b-1bb8d4b0fe3f', '2026-07-12', '13:00:00', 'scheduled', 'Referred for specialist review.'),
  ('c9df35ae-8ecd-4b33-a377-8d014224d89f', '3b11941a-41d8-42df-b93a-8bd325d05892', 'c6a259b1-85d2-4e2f-99cb-aaa3398aefe8', '2026-06-08', '12:15:00', 'cancelled', 'Reviewed test results.'),
  ('f7cbba3c-8ad5-4be8-a50d-63769d0ae9f6', '1a24a574-d5f8-40a0-878e-beaa94facdae', 'da7074f2-9c98-428a-aee7-2473c77bcafb', '2026-07-06', '10:00:00', 'cancelled', 'Routine checkup.'),
  ('2fcecfa1-0327-4d84-86ef-4367d8942f2b', '591f8321-1b9d-43ab-90fe-2c45dc52038f', '4b298b10-6397-4567-b2d8-a54b311f2b57', '2026-07-16', '12:45:00', 'scheduled', 'Referred for specialist review.'),
  ('a206e560-f8c9-4aa7-a451-1d85bbc9374d', '05d30a77-8f24-4ed9-b7b3-09b5d0d2a2a6', '93ca66d9-f184-4abc-b9ef-00a6b4dace77', '2026-06-01', '16:00:00', 'scheduled', 'Follow-up consultation.'),
  ('d7ceadbe-26e9-425c-a456-33032b4f748e', '47378d49-f594-4282-b2f3-628e8a000383', 'f7caa1f7-4246-4f6e-9ca4-2630c7816321', '2026-07-29', '13:15:00', 'completed', 'Follow-up consultation.'),
  ('3367942e-2640-462f-91be-f91d46842574', '1769f605-ba04-4691-bf5d-f0053bd0c196', '365b3473-7aad-4f22-bf4d-8c75d4695d00', '2026-06-06', '12:15:00', 'scheduled', 'Discussed treatment plan.'),
  ('47b3ce9d-ab4a-4cf2-8ecb-e72212fb31d3', '2db8a627-fbb4-433a-a19d-f9a0a3c2f4f5', 'bed88261-a8e3-47be-a963-addde6b94c2e', '2026-07-18', '11:15:00', 'scheduled', 'Needs lab tests before next visit.'),
  ('b3c6ff21-fcbb-46f2-a278-b6a5ac467537', '97b3dc87-c9aa-4a9d-ad4e-5340f21c366f', '8a1f7a35-1e38-4c26-8a16-268d85cfa107', '2026-06-02', '09:45:00', 'scheduled', 'Needs lab tests before next visit.'),
  ('29a66728-2bf3-4025-b02a-70f632d125aa', '58d704fd-d8ae-4017-85fd-f821820e6e4f', '8a1f7a35-1e38-4c26-8a16-268d85cfa107', '2026-07-08', '09:45:00', 'completed', 'Referred for specialist review.'),
  ('a2d901ae-d604-4e2e-928e-3c4cd8e15c28', '4305581a-1d48-4f1c-89c9-e6056cb14f9b', '95814d3f-588e-4c8d-874d-3d32c012c227', '2026-07-23', '12:15:00', 'cancelled', 'Routine checkup.'),
  ('e5b35871-aeed-4558-86b0-c260e79746a5', '5a512449-2094-4367-8abc-60438c9974e1', '2fef1f3b-4680-4847-bfa1-0720b56042aa', '2026-07-22', '15:15:00', 'cancelled', 'Prescribed medication.'),
  ('4d4f1846-06bb-49f0-a19c-1f08aefdf9f6', '05d30a77-8f24-4ed9-b7b3-09b5d0d2a2a6', '87ca406a-f75b-489a-8a25-a04c55fa9dbb', '2026-06-23', '15:15:00', 'completed', 'Discussed treatment plan.'),
  ('901f7d2f-2c39-404b-bf80-45a084a602ca', '591f8321-1b9d-43ab-90fe-2c45dc52038f', 'ecc51490-57c7-4a34-8173-d71003d5a4c7', '2026-07-18', '16:15:00', 'scheduled', 'Discussed treatment plan.'),
  ('977e4676-1c03-400f-9826-e39b403198db', '591f8321-1b9d-43ab-90fe-2c45dc52038f', 'da7074f2-9c98-428a-aee7-2473c77bcafb', '2026-06-11', '14:30:00', 'scheduled', 'Routine checkup.'),
  ('c7b681cd-67bb-40c9-a8dd-944bc64efd04', '591f8321-1b9d-43ab-90fe-2c45dc52038f', '87ca406a-f75b-489a-8a25-a04c55fa9dbb', '2026-06-11', '15:00:00', 'scheduled', 'Patient has chronic condition management plan.'),
  ('9a572256-c5ff-483b-ace6-821b28e43b96', '4b24a700-3c56-4161-91df-5c6f6ab63d0f', '43f9a741-a1c2-4ec5-9e47-22c36be47f52', '2026-06-21', '16:00:00', 'scheduled', 'Patient has chronic condition management plan.'),
  ('fbe04a80-0d92-49a6-bd04-494d64dc8b4a', '2e2ea53b-8c09-4a2a-88af-576f516be1f7', 'a152c0cf-a537-4e1e-bfd8-e9f220287fb1', '2026-06-13', '14:45:00', 'completed', 'Follow-up consultation.'),
  ('6746b42e-3fe1-45b0-b5f2-be2ebf018fda', '5e8d945e-d9fe-4c7f-a2aa-b8114ebf3aa5', '2b4f139b-74fb-4d7f-9c17-02ef041db130', '2026-07-11', '12:15:00', 'scheduled', 'Referred for specialist review.'),
  ('7fe1a084-a107-43f3-a0af-46782444b8a2', '1a24a574-d5f8-40a0-878e-beaa94facdae', '8b7f8a66-6fa3-4ff9-a8b3-2642e99dfb54', '2026-06-04', '12:30:00', 'scheduled', 'Patient reported improvement.'),
  ('c6e89d7a-759a-4539-a5ad-e2a20d432467', '3b11941a-41d8-42df-b93a-8bd325d05892', '6ea92f62-707f-47d3-b2c0-5fc504caa456', '2026-06-19', '16:00:00', 'completed', 'Needs lab tests before next visit.'),
  ('1b2d4f18-959a-43fb-a6c4-eb83da705fe6', '1a24a574-d5f8-40a0-878e-beaa94facdae', '90d03a55-754b-4641-8b0e-f5b534a4ce78', '2026-06-18', '14:00:00', 'cancelled', 'Referred for specialist review.'),
  ('ab8fc767-7579-49c6-99d0-075831106d79', 'be771966-31cb-45c2-aab6-365fe6bb4a6a', 'eda47d17-24f8-4c8d-8009-6b9f8006ccec', '2026-06-08', '14:15:00', 'scheduled', 'Discussed treatment plan.'),
  ('5dcedb75-8eb9-4c8b-bd1e-7dc168db2b14', '4613cb0f-b569-45c8-8751-a87e231f14b0', 'f7caa1f7-4246-4f6e-9ca4-2630c7816321', '2026-06-25', '10:45:00', 'scheduled', 'Needs lab tests before next visit.'),
  ('2f20e0e5-05ca-4eab-b201-3e9ccd98a98d', 'be771966-31cb-45c2-aab6-365fe6bb4a6a', 'a34450a0-9ec0-4523-9444-5596f437004e', '2026-07-15', '11:15:00', 'scheduled', 'Follow-up consultation.'),
  ('9b324c50-6efe-44f8-9b7c-87c3cc8985f2', '1769f605-ba04-4691-bf5d-f0053bd0c196', 'f985e7a7-b984-497a-936d-d78f0d5e9a87', '2026-07-18', '09:30:00', 'scheduled', 'Referred for specialist review.'),
  ('ebdbe1a2-204a-48ae-b5e3-d0b01331a082', 'd8e60376-428f-49e3-b168-aab4e6f5b38c', '83c1ef80-a22c-4f7f-9ace-fc7d15f9618e', '2026-06-29', '12:15:00', 'completed', 'Discussed treatment plan.'),
  ('dc7a31be-6dff-4a87-b2c6-46e86e021b85', 'f46a22d1-9657-44d2-b9ba-0ad6b22c6e13', '7ff3d3f5-b274-4a6e-a905-7e16dfd00c0f', '2026-06-11', '09:00:00', 'cancelled', 'Prescribed medication.'),
  ('29cf38c3-430a-46f6-a075-d5a280a00404', '3b11941a-41d8-42df-b93a-8bd325d05892', '78d3a49a-0e7f-4a2e-af25-0fbe6225fda8', '2026-06-24', '10:30:00', 'scheduled', 'Patient reported improvement.'),
  ('a4c83f0e-1d9f-4fa7-9ed9-4a2f5d0f8e53', '1769f605-ba04-4691-bf5d-f0053bd0c196', 'fa943670-97c3-4556-aee6-fa531c545f50', '2026-06-19', '15:00:00', 'scheduled', 'Routine checkup.'),
  ('c8935ed4-aac0-4206-9824-15f6ae59a9f1', '2a843f64-a05e-4621-99cb-84fe17f8d1f8', '5c8dd21e-72fb-4ea5-a36e-2015dc17f191', '2026-06-10', '11:45:00', 'scheduled', 'Discussed treatment plan.'),
  ('eba7dafd-1cb3-431b-8dbe-9b82de2d5148', '71c5bee5-bbfa-4e16-801a-3bcf245d1405', 'a67b3516-c5eb-432c-b50d-da60ef358255', '2026-05-31', '12:00:00', 'completed', 'Referred for specialist review.'),
  ('75b98b51-9696-4fbd-9d15-71b063606555', 'd48efc5d-cc0b-40a2-a5a5-6dda11a930fb', '026467bc-6cca-4b13-b7d3-b1eef01c0a33', '2026-06-14', '09:00:00', 'cancelled', 'Prescribed medication.'),
  ('1fdac546-fb24-46fe-aa74-5db8a4638b92', '5e8d945e-d9fe-4c7f-a2aa-b8114ebf3aa5', 'abeda3cd-3ed8-4e87-b5f2-205c4f0c564f', '2026-07-08', '15:15:00', 'scheduled', 'Reviewed test results.'),
  ('18ce61db-f780-438c-b345-a70bf9d48d13', '1a24a574-d5f8-40a0-878e-beaa94facdae', 'e36fbe48-d2ac-48f9-bd05-b0ffa5dc31e7', '2026-06-12', '12:30:00', 'scheduled', 'Discussed treatment plan.'),
  ('c1d8a672-4cbd-4c98-8859-579bfb58c1e1', '4613cb0f-b569-45c8-8751-a87e231f14b0', 'db7fa81d-ae5b-4553-9c48-fa760b4a51c2', '2026-06-01', '16:00:00', 'completed', 'Needs lab tests before next visit.'),
  ('a2c5f43c-c106-4308-8fa8-a9b0dfae3eba', '00cf78cb-605f-49b2-bb4d-40425e25d48b', '9ebc803b-b3be-4525-bc1a-9485a1909a54', '2026-07-08', '11:45:00', 'scheduled', 'Needs lab tests before next visit.'),
  ('576d6ebc-2653-4d01-9f2c-67ff0d655ef8', '97b3dc87-c9aa-4a9d-ad4e-5340f21c366f', '40a12225-b0f1-427e-8926-0e67d5d161fa', '2026-07-26', '13:00:00', 'scheduled', 'Prescribed medication.'),
  ('89329098-ab02-4f6c-ba67-b1856f44fe9e', '2a843f64-a05e-4621-99cb-84fe17f8d1f8', '20012048-7e09-4f5b-a02d-75c7895b6c91', '2026-06-25', '13:15:00', 'cancelled', 'Patient reported improvement.'),
  ('4a1244df-b1bb-4771-bcc8-14c93f3bd9cd', '4305581a-1d48-4f1c-89c9-e6056cb14f9b', '834f325a-f392-4a48-a4aa-368a2cb1ca3c', '2026-06-26', '11:00:00', 'completed', 'Reviewed test results.'),
  ('c34238c7-c432-42fd-9625-f7afe3fd3c9a', '5a512449-2094-4367-8abc-60438c9974e1', '2fef1f3b-4680-4847-bfa1-0720b56042aa', '2026-06-03', '15:30:00', 'completed', 'Reviewed test results.'),
  ('a2e2fef4-1ace-42c2-ade4-452af2911cef', '00cf78cb-605f-49b2-bb4d-40425e25d48b', 'abe7578f-3e4d-45d7-9f94-640ab084721f', '2026-06-23', '11:45:00', 'scheduled', 'Routine checkup.'),
  ('6e5a72f8-fca9-43d1-bcd2-1169862841ec', 'd48efc5d-cc0b-40a2-a5a5-6dda11a930fb', '9cbf08a0-26ab-46f5-96e3-b18d1cd8dc83', '2026-07-22', '09:30:00', 'completed', 'Patient reported improvement.'),
  ('6946ead0-f011-40d4-99aa-13563a9a7f34', '1a24a574-d5f8-40a0-878e-beaa94facdae', '8bcd5b93-4f7b-4d3b-ba33-2ca7917f6aa8', '2026-06-30', '14:15:00', 'scheduled', 'Reviewed test results.'),
  ('8075c28e-4128-4ea1-9d6f-fc292c30b169', '5a512449-2094-4367-8abc-60438c9974e1', '2c07e175-053c-43bd-b678-6199e2ef962d', '2026-07-19', '16:30:00', 'completed', 'Patient reported improvement.'),
  ('97097355-d084-4efd-92eb-171881ef896d', 'f46a22d1-9657-44d2-b9ba-0ad6b22c6e13', '4512af89-36c0-413b-888f-2a3d8201f7b5', '2026-06-15', '09:00:00', 'completed', 'Patient reported improvement.'),
  ('7a81349f-a6b2-413f-ae09-a1ee2bef8740', '58d704fd-d8ae-4017-85fd-f821820e6e4f', '93ca66d9-f184-4abc-b9ef-00a6b4dace77', '2026-07-25', '14:45:00', 'completed', 'Needs lab tests before next visit.'),
  ('ef8637ff-97fa-44a5-92b1-ce267239e367', '591f8321-1b9d-43ab-90fe-2c45dc52038f', 'ad49abae-2e7d-4f43-896f-c56752a70993', '2026-07-29', '13:00:00', 'scheduled', 'Referred for specialist review.'),
  ('089d8e9d-ef56-4618-b1c0-ce8651e6ca92', '71c5bee5-bbfa-4e16-801a-3bcf245d1405', '834f325a-f392-4a48-a4aa-368a2cb1ca3c', '2026-05-31', '09:30:00', 'completed', 'Needs lab tests before next visit.'),
  ('5d333cf8-a607-4e43-8512-2483d438558b', '58d704fd-d8ae-4017-85fd-f821820e6e4f', '5d0527b3-4f45-4f34-a1d3-719b103b2353', '2026-06-26', '10:45:00', 'scheduled', 'Routine checkup.'),
  ('8d5388b0-f146-4ca6-acf2-596fc1145d41', '00cf78cb-605f-49b2-bb4d-40425e25d48b', '026467bc-6cca-4b13-b7d3-b1eef01c0a33', '2026-07-12', '12:30:00', 'scheduled', 'Patient has chronic condition management plan.'),
  ('f2b15272-263e-47af-a5a0-6887ad323f79', '2db8a627-fbb4-433a-a19d-f9a0a3c2f4f5', '45e7d967-3735-4fd3-8205-609739916e1d', '2026-06-07', '13:00:00', 'completed', 'Discussed treatment plan.'),
  ('d7b4c36f-e796-4b87-a5b8-92081c2fbde7', '2db8a627-fbb4-433a-a19d-f9a0a3c2f4f5', 'da7074f2-9c98-428a-aee7-2473c77bcafb', '2026-06-24', '14:45:00', 'scheduled', 'Referred for specialist review.'),
  ('2886ec7c-e289-4120-a136-95c5701e3ddc', '97b3dc87-c9aa-4a9d-ad4e-5340f21c366f', '515458f4-94fd-44c6-860b-acd69100016f', '2026-07-01', '16:00:00', 'scheduled', 'Referred for specialist review.'),
  ('1c3d3bc3-a0d5-426c-9454-414b27d6a59c', '4613cb0f-b569-45c8-8751-a87e231f14b0', '8577a3ac-cde2-45d8-985e-e900a00d9b23', '2026-06-16', '15:45:00', 'scheduled', 'Prescribed medication.'),
  ('dce9cc87-7956-4f9f-8686-1863cdca76bb', '4b24a700-3c56-4161-91df-5c6f6ab63d0f', 'e0a2e152-eb94-4429-a4d8-c22823927421', '2026-06-24', '10:30:00', 'completed', 'Discussed treatment plan.'),
  ('77394d3e-5263-428a-a099-49acb085476f', '1769f605-ba04-4691-bf5d-f0053bd0c196', '35e1c7be-9b02-40dd-bd51-817e6b696c42', '2026-07-28', '14:00:00', 'scheduled', 'Reviewed test results.'),
  ('1595e6b7-0123-4fa9-9545-ca57a581f045', '58d704fd-d8ae-4017-85fd-f821820e6e4f', '40a12225-b0f1-427e-8926-0e67d5d161fa', '2026-06-23', '13:15:00', 'completed', 'Needs lab tests before next visit.'),
  ('a4e6a10e-ed6f-40ec-aaf0-6c61c8366432', '00cf78cb-605f-49b2-bb4d-40425e25d48b', '8577a3ac-cde2-45d8-985e-e900a00d9b23', '2026-06-22', '14:45:00', 'scheduled', 'Referred for specialist review.'),
  ('5abebdc3-fb76-4fa6-9bba-f01637818a4b', '4613cb0f-b569-45c8-8751-a87e231f14b0', '14bd27ae-40b2-4a7e-8bca-cfe037fd8e82', '2026-07-09', '11:45:00', 'completed', 'Follow-up consultation.'),
  ('9e95e982-a4b6-4626-b72c-bf608b18f276', 'be771966-31cb-45c2-aab6-365fe6bb4a6a', 'abeda3cd-3ed8-4e87-b5f2-205c4f0c564f', '2026-07-04', '11:30:00', 'scheduled', 'Referred for specialist review.'),
  ('36f96291-41a4-4afa-a5ee-2f39198982bb', 'be771966-31cb-45c2-aab6-365fe6bb4a6a', 'a43e67d5-12f7-41d7-8dd2-cc4bdda967ff', '2026-06-12', '09:45:00', 'scheduled', 'Reviewed test results.'),
  ('2ca5a797-b800-45a5-80bd-e8ef62727b4d', '00cf78cb-605f-49b2-bb4d-40425e25d48b', 'e36fbe48-d2ac-48f9-bd05-b0ffa5dc31e7', '2026-06-23', '14:30:00', 'scheduled', 'Follow-up consultation.'),
  ('9533c352-ba57-41fc-bb07-94dae0f4ad34', '4b24a700-3c56-4161-91df-5c6f6ab63d0f', '5d0527b3-4f45-4f34-a1d3-719b103b2353', '2026-06-05', '12:15:00', 'scheduled', 'Reviewed test results.'),
  ('a8161da3-6d28-4f2c-82c1-399821eb884b', '4613cb0f-b569-45c8-8751-a87e231f14b0', '20012048-7e09-4f5b-a02d-75c7895b6c91', '2026-06-30', '14:00:00', 'cancelled', 'Reviewed test results.'),
  ('974703bc-0aa2-4b6f-9d62-c23eb6d083a3', '2e2ea53b-8c09-4a2a-88af-576f516be1f7', '8577a3ac-cde2-45d8-985e-e900a00d9b23', '2026-06-05', '13:30:00', 'cancelled', 'Patient has chronic condition management plan.'),
  ('04a51fd4-7a98-4e12-8226-d0a81b80750e', 'd8e60376-428f-49e3-b168-aab4e6f5b38c', '6bd059d8-8159-4810-a22f-d160e31dc288', '2026-06-01', '10:00:00', 'scheduled', 'Prescribed medication.'),
  ('55084d4b-55bf-42f1-a82c-69059c6ced59', 'b3e37bfd-be04-4d9a-b5e7-ead08ddd3f30', '0a79ed28-d97e-475f-8736-aae305c3a1f5', '2026-07-15', '12:30:00', 'scheduled', 'Reviewed test results.'),
  ('aeef6c41-2939-4150-9bcb-8a205a345005', '1a24a574-d5f8-40a0-878e-beaa94facdae', 'f985e7a7-b984-497a-936d-d78f0d5e9a87', '2026-07-18', '11:15:00', 'scheduled', 'Patient has chronic condition management plan.'),
  ('178d185f-d13a-472c-b31d-ddf21f545bc4', '3b11941a-41d8-42df-b93a-8bd325d05892', '8577a3ac-cde2-45d8-985e-e900a00d9b23', '2026-07-19', '13:15:00', 'completed', 'Discussed treatment plan.'),
  ('5eb58801-c353-4d41-894b-e20f23caa13f', '2db8a627-fbb4-433a-a19d-f9a0a3c2f4f5', '0a79ed28-d97e-475f-8736-aae305c3a1f5', '2026-06-02', '14:30:00', 'scheduled', 'Referred for specialist review.'),
  ('0ed277d4-f9e0-4b2d-aa45-5a7e635e3fc8', 'a0e6159e-3695-426d-9178-3011a67748d1', 'be33f7a9-1758-4df7-9193-11c6df71b2de', '2026-06-27', '10:15:00', 'completed', 'Referred for specialist review.'),
  ('21f384f5-cfcc-486f-a206-5c30450d580d', '3b11941a-41d8-42df-b93a-8bd325d05892', 'db7fa81d-ae5b-4553-9c48-fa760b4a51c2', '2026-07-17', '15:00:00', 'completed', 'Patient has chronic condition management plan.'),
  ('4fa6ea8b-9234-4411-9ad4-2fa4396890ff', '4305581a-1d48-4f1c-89c9-e6056cb14f9b', '98fb4aee-59fa-4475-ab4d-19a8e3c8d3e1', '2026-07-18', '13:00:00', 'completed', 'Reviewed test results.'),
  ('365e1eab-9d5d-4951-936c-4c63fb8ed3e9', '00cf78cb-605f-49b2-bb4d-40425e25d48b', '834f325a-f392-4a48-a4aa-368a2cb1ca3c', '2026-06-10', '09:30:00', 'scheduled', 'Reviewed test results.'),
  ('25223824-7c5d-4507-a1ba-898c9b060eef', 'a0e6159e-3695-426d-9178-3011a67748d1', '834f325a-f392-4a48-a4aa-368a2cb1ca3c', '2026-06-21', '09:45:00', 'completed', 'Follow-up consultation.'),
  ('1248f377-fdad-4d71-be80-e107b8e475f5', '4305581a-1d48-4f1c-89c9-e6056cb14f9b', '3e83996a-8c03-414c-9d78-ece0a19b220a', '2026-07-26', '11:15:00', 'scheduled', 'Patient reported improvement.'),
  ('89ca179b-9e3b-4b82-af48-629a3752ebe1', '2e2ea53b-8c09-4a2a-88af-576f516be1f7', '0239c15d-46ed-4279-ab77-a0646f660ec4', '2026-07-15', '15:30:00', 'cancelled', 'Follow-up consultation.'),
  ('113d5539-5197-462d-952c-8961d92c8856', '3b11941a-41d8-42df-b93a-8bd325d05892', '8b7f8a66-6fa3-4ff9-a8b3-2642e99dfb54', '2026-07-12', '15:30:00', 'completed', 'Prescribed medication.'),
  ('c31fa09e-eb50-4924-9439-6cff70acb0f7', 'd48efc5d-cc0b-40a2-a5a5-6dda11a930fb', '4c8c0bf6-08f3-444d-a0b8-9e5cd7a41435', '2026-07-14', '15:30:00', 'scheduled', 'Patient reported improvement.'),
  ('07339001-6e3a-4b66-8e54-86f060d05998', '2db8a627-fbb4-433a-a19d-f9a0a3c2f4f5', '9ea80afd-1c0b-41a4-b308-19e73666561b', '2026-07-25', '09:15:00', 'scheduled', 'Prescribed medication.'),
  ('53396713-8dfb-4c64-89d4-a07057331d9a', '71c5bee5-bbfa-4e16-801a-3bcf245d1405', '95814d3f-588e-4c8d-874d-3d32c012c227', '2026-07-27', '15:00:00', 'cancelled', 'Referred for specialist review.'),
  ('a3811c31-3916-4ed5-9b16-491e3e4a8d67', 'f46a22d1-9657-44d2-b9ba-0ad6b22c6e13', '45e7d967-3735-4fd3-8205-609739916e1d', '2026-07-15', '10:45:00', 'cancelled', 'Prescribed medication.'),
  ('7387f5ce-ff0c-4bdb-8133-d2f80d4c8a0f', '591f8321-1b9d-43ab-90fe-2c45dc52038f', '77c8f76c-fccd-49e2-95d8-eadac4f28a04', '2026-06-21', '09:30:00', 'scheduled', 'Reviewed test results.'),
  ('d0d77afe-30c6-4a3b-92d1-b83ae571a5a1', '378f1b5a-f533-4218-bcff-81f91097e4f1', 'a8e6c5d8-be4b-4c75-b92b-69652f89046e', '2026-07-24', '11:15:00', 'scheduled', 'Discussed treatment plan.'),
  ('808a2416-0e06-465a-819e-10e17f8ffea7', '1a24a574-d5f8-40a0-878e-beaa94facdae', 'da7074f2-9c98-428a-aee7-2473c77bcafb', '2026-05-31', '15:30:00', 'completed', 'Routine checkup.'),
  ('0bf66f28-60eb-45af-acf9-fad39ea45fdc', '97b3dc87-c9aa-4a9d-ad4e-5340f21c366f', '3d157ed6-3248-4fcf-aad1-6983b536ddb8', '2026-07-22', '10:45:00', 'scheduled', 'Routine checkup.'),
  ('756a3c03-d8ee-44a8-ab40-33adbf3c6ca9', '4b24a700-3c56-4161-91df-5c6f6ab63d0f', '7ff3d3f5-b274-4a6e-a905-7e16dfd00c0f', '2026-06-02', '16:00:00', 'scheduled', 'Follow-up consultation.'),
  ('524734e9-c0ff-4ced-a5ed-64c23134fdb5', 'd8e60376-428f-49e3-b168-aab4e6f5b38c', '4b857418-303c-4694-841b-1bb8d4b0fe3f', '2026-07-24', '10:45:00', 'scheduled', 'Discussed treatment plan.'),
  ('b34de438-36d7-4b87-8ced-dad9d0cded19', '47378d49-f594-4282-b2f3-628e8a000383', '2ddcb59c-5f2d-4ff7-9e3d-5252d86b0947', '2026-07-20', '09:15:00', 'cancelled', 'Prescribed medication.'),
  ('94510271-8474-48fa-b9f3-6087f66bee13', '4b24a700-3c56-4161-91df-5c6f6ab63d0f', '95814d3f-588e-4c8d-874d-3d32c012c227', '2026-06-10', '13:30:00', 'completed', 'Reviewed test results.'),
  ('d0c08740-80f5-41a6-a7f3-ee3cc670cd25', '00cf78cb-605f-49b2-bb4d-40425e25d48b', '515458f4-94fd-44c6-860b-acd69100016f', '2026-06-15', '15:00:00', 'scheduled', 'Routine checkup.'),
  ('131a5112-1c8b-4012-b76b-f060237c69e9', '5a512449-2094-4367-8abc-60438c9974e1', 'd13256b4-8c0c-4fe8-a627-3ac4c7ab583b', '2026-07-19', '10:15:00', 'scheduled', 'Follow-up consultation.'),
  ('2dbc1c21-d6d1-4544-ac0f-946332994526', '5e8d945e-d9fe-4c7f-a2aa-b8114ebf3aa5', 'abe7578f-3e4d-45d7-9f94-640ab084721f', '2026-06-24', '11:00:00', 'scheduled', 'Patient reported improvement.'),
  ('2ddf3dc2-1e3d-41ac-8af0-57dad2c9dae6', '4b24a700-3c56-4161-91df-5c6f6ab63d0f', '070fca0c-a442-40f4-8f5d-5d2648be888b', '2026-07-14', '09:15:00', 'scheduled', 'Needs lab tests before next visit.'),
  ('b0953291-97ef-4241-b793-94d0fc98168e', '47378d49-f594-4282-b2f3-628e8a000383', '9ea80afd-1c0b-41a4-b308-19e73666561b', '2026-06-15', '13:30:00', 'scheduled', 'Reviewed test results.'),
  ('695db8ee-d8e5-4727-b381-cef78b52b0ea', '378f1b5a-f533-4218-bcff-81f91097e4f1', '14bd27ae-40b2-4a7e-8bca-cfe037fd8e82', '2026-06-29', '16:00:00', 'completed', 'Reviewed test results.'),
  ('9180e9fe-baea-4f9c-9b8b-130afa6e53c5', '47378d49-f594-4282-b2f3-628e8a000383', '98fb4aee-59fa-4475-ab4d-19a8e3c8d3e1', '2026-07-14', '13:00:00', 'scheduled', 'Routine checkup.'),
  ('7c12831a-5012-42b6-ad3c-3377a1bf96b6', '47378d49-f594-4282-b2f3-628e8a000383', '88669a90-102d-4b0e-a089-17e582463a08', '2026-06-24', '11:00:00', 'cancelled', 'Reviewed test results.'),
  ('f255425b-c357-40ac-9b28-b860edc926a3', '1769f605-ba04-4691-bf5d-f0053bd0c196', '5c60f251-14f7-4437-8742-00d18d171f35', '2026-06-12', '09:30:00', 'cancelled', 'Follow-up consultation.'),
  ('c4f17e95-6236-43c6-84e8-30994a0f3bb6', '378f1b5a-f533-4218-bcff-81f91097e4f1', '90d03a55-754b-4641-8b0e-f5b534a4ce78', '2026-06-04', '11:45:00', 'cancelled', 'Prescribed medication.'),
  ('c518feef-8893-48cf-8d32-36d475ee8c4c', '2a843f64-a05e-4621-99cb-84fe17f8d1f8', 'e0a2e152-eb94-4429-a4d8-c22823927421', '2026-06-25', '11:00:00', 'scheduled', 'Patient has chronic condition management plan.'),
  ('66e47b2b-a470-434c-aaa5-1e796694dec4', '05d30a77-8f24-4ed9-b7b3-09b5d0d2a2a6', 'bcb5d373-d5e6-43fc-9a9a-3a93fa121ce2', '2026-07-25', '12:30:00', 'completed', 'Prescribed medication.'),
  ('f901548f-1f8b-4d41-b4ca-c224e83bbbe4', 'a0e6159e-3695-426d-9178-3011a67748d1', 'f7caa1f7-4246-4f6e-9ca4-2630c7816321', '2026-06-10', '16:30:00', 'scheduled', 'Referred for specialist review.'),
  ('a3d207c1-4d51-4d90-9c18-ab09a3a29e02', '1a24a574-d5f8-40a0-878e-beaa94facdae', 'bcb5d373-d5e6-43fc-9a9a-3a93fa121ce2', '2026-07-12', '16:15:00', 'scheduled', 'Follow-up consultation.'),
  ('5a7becaa-3355-442b-9114-796fd3f286a4', '5a512449-2094-4367-8abc-60438c9974e1', 'c6a259b1-85d2-4e2f-99cb-aaa3398aefe8', '2026-06-08', '15:15:00', 'completed', 'Patient has chronic condition management plan.'),
  ('94f608d2-af64-443f-8ee5-35baec3ebe24', 'f46a22d1-9657-44d2-b9ba-0ad6b22c6e13', '97169a8d-89dc-494c-b13a-6209139b6d56', '2026-06-12', '12:15:00', 'scheduled', 'Needs lab tests before next visit.');

